id,title,artists,album,album_id,time,playlist,lyrics,path,script
41062431,Нулевой километр,Мураками,Верь,412883,2024-11-15 20:21:37.680299,В роке только девушки,"Пылью наполнены обе сандалии
В поисках гения по спирали
Хлопьями воздуха манит дорога
Голоса нет, аллергия
Не многого надо

Поцелуй от помады
Побережье Невады
И кофе глясе
Когда тебе рады
Любовь до упада
И дождливое танго!
Так бежим по шоссе!

Это мой нулевой километр!
Пожирает сентябрьский полдень
По колёсам играет оркестр
Камень за камнем, камень за камнем

Это мой нулевой километр!
Начинаю отсчёт от Казани
Мы построим Китайскую стену здесь!
Камень за камнем

Пересекающий ток расстояния
Беспрерывное эхо молчаливых признаний
Я подарю поцелуй и три слова
Голоса нет, аллергия — так многого надо

Простыню и пижаму
Взгляд принцессы Дианы
И запой по весне
Еще два банана
Нежности от коалы
Может просто устали?
Ну, так бежим по шоссе!

Это мой нулевой километр!
Пожирает сентябрьский полдень
По колёсам играет оркестр
Камень за камнем, камень за камнем

Это мой нулевой километр!
Начинаю отсчёт от Казани
Мы построим Китайскую стену здесь!
Камень за камнем, камень за камнем
(Камень за камнем, камень за камнем)

Это мой нулевой километр!
Пожирает сентябрьский полдень
По колёсам играет оркестр
Камень за камнем, камень за камнем

Это мой нулевой километр!
Начинаю отсчёт от Казани
Мы построим Китайскую стену здесь!
Камень за камнем, камень за камнем

Это мой нулевой километр!
Пожирает сентябрьский полдень
По колёсам играет оркестр
Камень за камнем, камень за камнем

Это мой нулевой километр!
Начинаю отсчёт... от Казани
Мы построим Китайскую стену здесь!
Камень за камнем, камень за камнем
Камень за камнем",playlists/В роке только девушки/Нулевой километр.mp3,"['Голос молодой женщины, демонстрирующий энергию и силу, характерные для женского рока', 'Женский голос, высокий и чистый, напоминающий о звучании альтернативного рока', 'Голос молодой женщины со слегка хриплым тембром, типичным для рока', 'Естественный женский голос с характерными для рока мощью и резкостью', 'Глубокий и мощный женский голос, характеризующийся страстью, присущей року', 'Нежный женский голос с призвуками силы и упорства, вдохновленный рок-музыкой', 'Проникновенный женский голос, обладающий хрипотой и эмоциональностью, свойственными для рока', 'Женский голос, идеально сочетающий в себе мощь, бунтарский дух и харизму женщин-рокеров', 'Женский голос с дарк-роковым оттенком, подчеркнутым глубины и силы звука', 'Утонченный женский голос с ясно выраженной роковой хрипотцой и мощью']"
60611182,День,PALC,Пагубное влияние,9375928,2024-11-15 20:21:39.183568,В роке только девушки,"Было раннее утро
Я люто угасился
От мигрени я стану мудрым
Или мёртвым от аневризмы

Это копилось годами
Шёпот становится визгом
И я снова пережидаю цунами
В формах своего эскапизма-а, э

Группа больше троих - уже стадо
Шифр к мозгу давно разгадан
Социального маринада
Точно хватит наполняй ладан

Искажай, проповедуй и ври
Суахили, Брайль, Иврит
Здешние правила весьма конкретны
Ты молчишь, король говорит

И по улицам носится страх
Закрывай поплотнее окно
Разузнай, на чьих похоронах
Кто пьёт и какое вино

Это просто новый Рубикон
С его прошлым отныне сжигай
Новая правда и старый притон
Потасканный мир и вечная власть

Догорал над районами полдень
И ослеплённой кошкой
Сижу и мечтаю, чтоб эта минута
Наконец стала прошлой

Это копилось годами
Шёпот становится визгом
И я снова пережидаю цунами
В формах своего эскапизма-а, эй

Тебя я считаю уже съели и это то, что дано природой
От следов розги на теле, да сапог у твоего порога
Ведь у нас улыбки мазины давно заменили оскалы
И обречённые быть Сизифами и помнят ошибку Икара

Ты полюбишь эти оковы, ты впитаешь покорность кожей
Чтобы не считали бракованным, ему подавляться сложно
Это просто новый Галлифрей только кто из них нам своих?
Увидишь чужого - лучше убей, если в зеркале - лучше умри

Обречённо кончался вечер, день уходил - ну и х-й с ним
В ночь оставался раны залечивать самый свободный узник

Это копилось годами
Шёпот становится визгом
Не знаю, переживу ли цунами
В формах своего эскапизма-а, эй

Это копилось годами
Шёпот становится визгом
Не знаю, переживу ли цунами
В формах своего эскапизма

Это копилось годами
Шёпот становится визгом
Не знаю, переживу ли цунами
В формах своего эскапизма, эй, оу йей!",playlists/В роке только девушки/День.mp3,"['Голос молодой женщины, демонстрирующий энергию и силу, характерные для женского рока', 'Женский голос, высокий и чистый, напоминающий о звучании альтернативного рока', 'Голос молодой женщины со слегка хриплым тембром, типичным для рока', 'Естественный женский голос с характерными для рока мощью и резкостью', 'Глубокий и мощный женский голос, характеризующийся страстью, присущей року', 'Нежный женский голос с призвуками силы и упорства, вдохновленный рок-музыкой', 'Проникновенный женский голос, обладающий хрипотой и эмоциональностью, свойственными для рока', 'Женский голос, идеально сочетающий в себе мощь, бунтарский дух и харизму женщин-рокеров', 'Женский голос с дарк-роковым оттенком, подчеркнутым глубины и силы звука', 'Утонченный женский голос с ясно выраженной роковой хрипотцой и мощью']"
30390936,Жара,Чичерина,Сны,1673070,2024-11-15 20:21:40.532538,В роке только девушки,"Солнечный день, оранжевый плюс
Я не успеваю, но и не тороплюсь
Еле дыша катится шар
С ветки на ветку не спеша

Правый каблук провалился в асфальт
Ты не дождался, очень жаль
В полуденный зной маешься злой
Где-то сейчас, только не со мной

Жара, жара
Жареное солнце больших городов
Жара, жара
Жареное солнце

Солнце забыло дома часы
По телефону прощенья просить
Сегодня, вчера и завтра с утра
Завтра с утра и опять до утра

Жара, жара
Жареное солнце больших городов
Жара, жара
Жареное солнце

Жара, жара
Жареное солнце больших городов
Жара, жара
Жареное солнце, жареное солнце

Жара, жара
Жареное солнце больших городов
Жара, жара
Жареное солнце

Жара, жара
Жареное солнце больших городов
Жара, жара
Жареное солнце

Жара, жара
Жареное солнце больших городов
Жара, жара
Жареное солнце

Жара, жара
Жареное солнце больших городов
Жара, жара
Жареное солнце, жареное солнце",playlists/В роке только девушки/Жара.mp3,"['Голос молодой женщины, демонстрирующий энергию и силу, характерные для женского рока', 'Женский голос, высокий и чистый, напоминающий о звучании альтернативного рока', 'Голос молодой женщины со слегка хриплым тембром, типичным для рока', 'Естественный женский голос с характерными для рока мощью и резкостью', 'Глубокий и мощный женский голос, характеризующийся страстью, присущей року', 'Нежный женский голос с призвуками силы и упорства, вдохновленный рок-музыкой', 'Проникновенный женский голос, обладающий хрипотой и эмоциональностью, свойственными для рока', 'Женский голос, идеально сочетающий в себе мощь, бунтарский дух и харизму женщин-рокеров', 'Женский голос с дарк-роковым оттенком, подчеркнутым глубины и силы звука', 'Утонченный женский голос с ясно выраженной роковой хрипотцой и мощью']"
124291648,Colette,Земфира,Colette,30466817,2024-11-15 20:21:41.705649,В роке только девушки,"Colette
Имя из бульварных газет
Можно подарить Вам букет?
Вы так излучаете свет
Colette
Вам ещё совсем мало лет
Меньше, чем моих сигарет
Съеденных за сутки, и нет

Нам ничего не светит
И ничего неважно
Может быть, однажды
Может быть, однажды
Нам ничего не светит
И ничего неважно
Может быть, однажды
Может быть

Colette
Завтра будет классный концерт
И, если Вы хотите билет
То я Вас приглашаю, Colette
Colette
Позвольте предложить Вам стилет
Изящное лекарство от бед
Для тех, кто вечно ищет ответ

Нам ничего не светит
И ничего неважно
Может быть, однажды
Может быть, однажды
Нам ничего не светит
И ничего неважно
Может быть, однажды
Может быть
Может быть
Может быть
Может быть
Может быть (может быть)",playlists/В роке только девушки/Colette.mp3,"['Голос молодой женщины, демонстрирующий энергию и силу, характерные для женского рока', 'Женский голос, высокий и чистый, напоминающий о звучании альтернативного рока', 'Голос молодой женщины со слегка хриплым тембром, типичным для рока', 'Естественный женский голос с характерными для рока мощью и резкостью', 'Глубокий и мощный женский голос, характеризующийся страстью, присущей року', 'Нежный женский голос с призвуками силы и упорства, вдохновленный рок-музыкой', 'Проникновенный женский голос, обладающий хрипотой и эмоциональностью, свойственными для рока', 'Женский голос, идеально сочетающий в себе мощь, бунтарский дух и харизму женщин-рокеров', 'Женский голос с дарк-роковым оттенком, подчеркнутым глубины и силы звука', 'Утонченный женский голос с ясно выраженной роковой хрипотцой и мощью']"
58387037,Sad Princess,Alai Oli,Sad Princess,14178947,2024-11-15 20:21:43.093557,В роке только девушки,"Всё горит, но я буду веселиться
Такой принцип
Ничего плохого не случиться
Если всё уже случилось с тобой
Постапокалипсис личный

Всё горит, но я буду веселиться
Такой принцип
Ничего плохого не случиться
Если всё уже случилось с тобой
A motherfucking sad princess

Как жить дальше, ведь жизнь дурдом
Я подумаю об этом, потом обо всём
Да подумаю
Москвы крутится диск
Остановите я сойду

Мне здесь близко пешком
И в ушах Аганум
Подсознают ваш движ - понт
Они этот понт стебут

Да, ладно
Мир тонет в молоке
И я читаю Лавкрафта с вилкой в руке

На втором этаже Новинского
Кароче ничего нового
Собираюсь с силами
Чтоб встать и дойти до дома

И лечь в полвосьмого
Не дай Бог не выключишь номер
Снова выходишь из дома

Ныряешь в метро
Ведь повод весомый
И опять невесомость
И ты сонный
Мир как будто нарисован
Это всё невесомость

И да, я буду веселиться
Такой принцип
Ничего плохого не случится
Если всё уже случилось с тобой
Постапокалипсис личный

Всё горит, но я буду веселиться
Такой принцип
Ничего плохого не случиться
Если всё уже случилось с тобой
A motherfucking sad princess

Прости но нам надо расстаться
Ты мне слишком сильно нравишься
Я не могу собраться
А мне не нравится когда я не могу собраться
Я серьёзный человек, мне не семнадцать

Прости но нам надо расстаться
Ты мне слишком сильно нравишься
Я не могу собраться
А мне не нравится когда я не могу собраться
Я серьёзный человек, бой

А нет, да я тот ещё псих
Нет, давай ещё так постоим
Посмотрим со стороны на нас двоих
Всё так пиздато

Что мир падает, падает, падает вниз
Всё падает, падает, падает
И я падаю
Я падаю, падаю, падаю

И там я буду веселиться
Такой принцип
Ничего плохого не случится
Если всё уже случилось с тобой
Постапокалипсис личный

Всё горит, но я буду веселиться
Такой принцип
Ничего плохого не случиться
Если всё уже случилось с тобой
A motherfucking sad princess",playlists/В роке только девушки/Sad Princess.mp3,"['Голос молодой женщины, демонстрирующий энергию и силу, характерные для женского рока', 'Женский голос, высокий и чистый, напоминающий о звучании альтернативного рока', 'Голос молодой женщины со слегка хриплым тембром, типичным для рока', 'Естественный женский голос с характерными для рока мощью и резкостью', 'Глубокий и мощный женский голос, характеризующийся страстью, присущей року', 'Нежный женский голос с призвуками силы и упорства, вдохновленный рок-музыкой', 'Проникновенный женский голос, обладающий хрипотой и эмоциональностью, свойственными для рока', 'Женский голос, идеально сочетающий в себе мощь, бунтарский дух и харизму женщин-рокеров', 'Женский голос с дарк-роковым оттенком, подчеркнутым глубины и силы звука', 'Утонченный женский голос с ясно выраженной роковой хрипотцой и мощью']"
93548593,В Стакане,Собачий Lie,Хорошего Мало,18859537,2024-11-15 20:21:44.440744,В роке только девушки,"Моё море в стакане
Соль и ветер так манят
Я в тебя ныряю, с головой ныряю
Эй, смотри внимательно
Я в плавках батиных автограф оставлю
Нефтью на белой ска-а-атерти

На белой скатерти
Нервов не хватит мне
И в вашей памяти я не останусь
Меня вы оставите
Я боюсь, вы не справитесь

Дай мне время подумать
Только две минуты
Обычно я не теряюсь
Но впадаю в ступор сейчас
Я ненавижу каждую свою часть

У меня есть проблемы, но я их не решаю
Я лезу на стену, чтобы другие снимали
Спрыгнуть, может, получится, но легче не станет

Почему я улыбаюсь?
Может быть мне показалось
Что я схожу с ума
А ведь я схожу с ума (вот это нормально будет)

Я проваливаюсь под лёд
Покажи мне хоть кого-то, кто за мной нырнёт
Я проваливаюсь под лёд
Под лёд, под лёд

Я проваливаюсь под лёд
Покажи мне хоть кого-то, кто за мной нырнёт
Я проваливаюсь под лёд

Почему я улыбаюсь?
Может быть мне показалось
Что я схожу
Что я схожу с ума

Я схожу с ума
Я схожу с ума
Я схожу с ума
Я схожу с ума

Почему я улыбаюсь?
Может быть мне показалось",playlists/В роке только девушки/В Стакане.mp3,"['Голос молодой женщины, демонстрирующий энергию и силу, характерные для женского рока', 'Женский голос, высокий и чистый, напоминающий о звучании альтернативного рока', 'Голос молодой женщины со слегка хриплым тембром, типичным для рока', 'Естественный женский голос с характерными для рока мощью и резкостью', 'Глубокий и мощный женский голос, характеризующийся страстью, присущей року', 'Нежный женский голос с призвуками силы и упорства, вдохновленный рок-музыкой', 'Проникновенный женский голос, обладающий хрипотой и эмоциональностью, свойственными для рока', 'Женский голос, идеально сочетающий в себе мощь, бунтарский дух и харизму женщин-рокеров', 'Женский голос с дарк-роковым оттенком, подчеркнутым глубины и силы звука', 'Утонченный женский голос с ясно выраженной роковой хрипотцой и мощью']"
41125378,Бред,Мураками,Моя,5369808,2024-11-15 20:21:45.837506,В роке только девушки,"Снег на машине растаял уже
Это глупо повесить клише
И ругаться под запах весны
Мы разделены на ""я"", и бред

Постоянный от разных сторон
Ненавижу мороз и ворон
В безотрывном процессе вранья
Мы разделены на ""ты""
Мы разделены на ""ты"" и ""я""

Вдох на прощание
Пообещай мне всё изменить
Так бесполезно, это не честно
Падая в бездну, любить

Страх в этих глупых и бедных словах
Знаешь, правда не в пошлых рублях
Пальцы вновь ты ломаешь свои
Мы разделены на ""я"", и вверх

Поднимается снова рука
Надоело, так значит пора
В безотрывном процессе вранья
Мы разделены на ""ты""
Мы разделены на ""ты"" и ""я""

Вдох на прощание
Пообещай мне всё изменить
Так бесполезно, это не честно
Падая в бездну, любить

Вдох на прощание
Пообещай мне всё изменить
Так бесполезно, это не честно
Падая в бездну

Вдох на прощание
Пообещай мне всё изменить
Так бесполезно, это не честно
Падая в бездну, любить.",playlists/В роке только девушки/Бред.mp3,"['Голос молодой женщины, демонстрирующий энергию и силу, характерные для женского рока', 'Женский голос, высокий и чистый, напоминающий о звучании альтернативного рока', 'Голос молодой женщины со слегка хриплым тембром, типичным для рока', 'Естественный женский голос с характерными для рока мощью и резкостью', 'Глубокий и мощный женский голос, характеризующийся страстью, присущей року', 'Нежный женский голос с призвуками силы и упорства, вдохновленный рок-музыкой', 'Проникновенный женский голос, обладающий хрипотой и эмоциональностью, свойственными для рока', 'Женский голос, идеально сочетающий в себе мощь, бунтарский дух и харизму женщин-рокеров', 'Женский голос с дарк-роковым оттенком, подчеркнутым глубины и силы звука', 'Утонченный женский голос с ясно выраженной роковой хрипотцой и мощью']"
49525173,Буцефал,PALC,Скотобойня,7285587,2024-11-15 20:21:46.994713,В роке только девушки,"И Шива стреляет себе в висок
Виднеется плот, морем объятый
Держу в руках за края горизонт
Бликует в воде лазурная вата
А-а! Е-е-на!
А-а!

Постой, Буцефал, ты куда полетел?
Пол царства б отдал за я пак панацей
Патрон или поц, поебать кто успел
Построены в ряд в этой шлюпке из тел

Поболтаем навзрыд, я всё посчитал
Чтобы нас обуть им не хватит лекал
Морская болезнь беспокоит слегка
Ещё! Наполняется лестью бокал!

И Шива стреляет себе в висок
Виднеется плот, морем объятый
Держу в руках за края горизонт
Бликует в воде лазурная вата
А-а! Е-е-на!
А-а!

От бизнес-коллег до моральных калек
Круиз перерос в трехгодичный ночлег
Под скрипами мачт завершается век
От мусора в трюме потонет ковчег

Мы клад на корме, но балласт на воде
Запоями копиться кладезь идей
Бумажки в бутылках горами на дне
Круги на воде от обломков надежд

И Шива стреляет себе в висок
Виднеется плот, морем объятый
Держу в руках за края горизонт
Бликует в воде лазурная вата
А-а! Е-е-на!
А-а!

И Шива стреляет себе в висок
Виднеется плот, морем объятый
Держу в руках за края горизонт
Бликует в воде лазурная вата

И Шива стреляет себе в висок
Виднеется плот, морем объятый
Держу в руках за края горизонт
Бликует в воде лазурная вата
А-а! Е-е-на!
А-а!",playlists/В роке только девушки/Буцефал.mp3,"['Голос молодой женщины, демонстрирующий энергию и силу, характерные для женского рока', 'Женский голос, высокий и чистый, напоминающий о звучании альтернативного рока', 'Голос молодой женщины со слегка хриплым тембром, типичным для рока', 'Естественный женский голос с характерными для рока мощью и резкостью', 'Глубокий и мощный женский голос, характеризующийся страстью, присущей року', 'Нежный женский голос с призвуками силы и упорства, вдохновленный рок-музыкой', 'Проникновенный женский голос, обладающий хрипотой и эмоциональностью, свойственными для рока', 'Женский голос, идеально сочетающий в себе мощь, бунтарский дух и харизму женщин-рокеров', 'Женский голос с дарк-роковым оттенком, подчеркнутым глубины и силы звука', 'Утонченный женский голос с ясно выраженной роковой хрипотцой и мощью']"
25784420,Ту-лу-ла,Чичерина,Сны,1673070,2024-11-15 20:21:48.205449,В роке только девушки,"Я стою на краю
На обрыве, над рекой
Не могу пошевелить ни рукой, ни головой
Защемило сердце мне, в голове замкнуло
Мне осталось только петь то, что ветром в голову надуло

Ту-лу-ла, ту-лу-ла, ту-ту-ту-лу-ла
В голове моей замкнуло ла-ха
Ту-лу-ла, ту-лу-ла, ту-ту-ту-лу-ла
Ветром в голову надуло ла-ла-ла-ха

Ты ушёл от меня к рыжей женщине хромой
Моя мама запретила возвращаться мне домой
Моя левая нога с края соскользнула
Мне осталось только петь то, что ветром в голову надуло

Ту-лу-ла, ту-лу-ла, ту-ту-ту-лу-ла
В голове моей замкнуло ла-ха
Ту-лу-ла, ту-лу-ла, ту-ту-ту-лу-ла
Ветром в голову надуло ла-ла-ла-ха
Ту-лу-ла, ту-лу-ла, ту-ту-ту-лу-ла
В голове моей замкнуло ла-ха
Ту-лу-ла, ту-лу-ла, ту-ту-ту-лу-ла
Ветром в голову надуло ла-ла-ла-ха",playlists/В роке только девушки/Ту-лу-ла.mp3,"['Голос молодой женщины, демонстрирующий энергию и силу, характерные для женского рока', 'Женский голос, высокий и чистый, напоминающий о звучании альтернативного рока', 'Голос молодой женщины со слегка хриплым тембром, типичным для рока', 'Естественный женский голос с характерными для рока мощью и резкостью', 'Глубокий и мощный женский голос, характеризующийся страстью, присущей року', 'Нежный женский голос с призвуками силы и упорства, вдохновленный рок-музыкой', 'Проникновенный женский голос, обладающий хрипотой и эмоциональностью, свойственными для рока', 'Женский голос, идеально сочетающий в себе мощь, бунтарский дух и харизму женщин-рокеров', 'Женский голос с дарк-роковым оттенком, подчеркнутым глубины и силы звука', 'Утонченный женский голос с ясно выраженной роковой хрипотцой и мощью']"
732401,ИСКАЛА,Земфира,ПРОСТИ МЕНЯ МОЯ ЛЮБОВЬ,81431,2024-11-15 20:21:49.367709,В роке только девушки,"Я искала тебя годами долгими
Искала тебя дворами тёмными
В журналах, в кино, среди друзей
И в день, когда нашла, с ума сошла

Ты совсем как во сне
Совсем как в альбомах
Где я рисовала тебя гуашью

Дальше были звонки ночные больше
Слёзы, нервы, любовь и стрелки в Польше
Дети, но не мои, и старые зазнобы
Куришь каждые пять, мы устали оба

Ты совсем как во сне
Совсем как в альбомах
Где я рисовала тебя гуашью

Годами долгими
Ночами темными
Годами долгими

Ты совсем как во сне
Совсем как в альбомах
Где я рисовала тебя гуашью
Ты совсем как во сне
Совсем как в альбомах
Где я рисовала тебя гуашью

Я искала тебя годами долгими
Искала тебя дворами тёмными
В журналах, в кино годами долгими
Искала тебя ночами-чами-чами",playlists/В роке только девушки/ИСКАЛА.mp3,"['Голос молодой женщины, демонстрирующий энергию и силу, характерные для женского рока', 'Женский голос, высокий и чистый, напоминающий о звучании альтернативного рока', 'Голос молодой женщины со слегка хриплым тембром, типичным для рока', 'Естественный женский голос с характерными для рока мощью и резкостью', 'Глубокий и мощный женский голос, характеризующийся страстью, присущей року', 'Нежный женский голос с призвуками силы и упорства, вдохновленный рок-музыкой', 'Проникновенный женский голос, обладающий хрипотой и эмоциональностью, свойственными для рока', 'Женский голос, идеально сочетающий в себе мощь, бунтарский дух и харизму женщин-рокеров', 'Женский голос с дарк-роковым оттенком, подчеркнутым глубины и силы звука', 'Утонченный женский голос с ясно выраженной роковой хрипотцой и мощью']"
105386068,Снег и пепел,Alai Oli,"Снег и пепел, Volume 1: синглы и раритеты",22811978,2024-11-15 20:40:16.979851,В роке только девушки,"Я видела четыре луны, по две на каждый глаз
Я помню только обрывки из фраз
Я же воин, откуда эти слёзы?
Огни за окном уже превращаются в звёзды

Сегодня не мой день, и что такого?
Сегодня, но я попробую снова

Не плачь, малыш, всё это снег и пепел
Сегодня больно, а завтра уже пройдёт
Не плачь, малыш, всё это снег и пепел
Не плачь, малыш, всё это

Знаешь, я не злюсь, мне просто дышать трудно
Мне одиноко даже в месте самом людном
И говорят те, кто рядом, те бьют больнее
Но я не верю, я знаю, что любовь сильнее

Сегодня не наш день
Но я умею прощать, и я прощаю
Сегодня не наш день
А завтра будет наш, я обещаю

Не плачь, малыш, всё это снег и пепел
Сегодня больно, а завтра уже пройдёт
Не плачь, малыш, всё это снег и пепел
Не плачь, малыш, всё это... ла-ла-ла

Я видела четыре луны, по две на каждый глаз
Я помню только обрывки из фраз
Я же воин, откуда эти слёзы?
Огни за окном уже превращаются в звёзды",playlists/В роке только девушки/Снег и пепел.mp3,"['Голос молодой женщины, демонстрирующий энергию и силу, характерные для женского рока', 'Женский голос, высокий и чистый, напоминающий о звучании альтернативного рока', 'Голос молодой женщины со слегка хриплым тембром, типичным для рока', 'Естественный женский голос с характерными для рока мощью и резкостью', 'Глубокий и мощный женский голос, характеризующийся страстью, присущей року', 'Нежный женский голос с призвуками силы и упорства, вдохновленный рок-музыкой', 'Проникновенный женский голос, обладающий хрипотой и эмоциональностью, свойственными для рока', 'Женский голос, идеально сочетающий в себе мощь, бунтарский дух и харизму женщин-рокеров', 'Женский голос с дарк-роковым оттенком, подчеркнутым глубины и силы звука', 'Утонченный женский голос с ясно выраженной роковой хрипотцой и мощью']"
38572747,Люби меня люби,гречка,Звёзды только ночью,4939138,2024-11-15 20:40:18.313617,В роке только девушки,"Непокорная моя любовь
Любит не меня, уже который год
Те же стены и цветы
Те же люди и стихи
Те же мысли и слова
Вслух

Люби меня, люби
Жарким огнём
Ночью и днём
Сердце сжигая

Люби меня, люби
Не улетай
Не исчезай
Я умоляю
Люби меня, люби
Люби меня, люби

Непокорная моя любовь
Любит не меня уже который год
Те же стены и цветы
Те же люди и стихи
Те же мысли и слова
Вслух

Люби меня, люби
Жарким огнём
Ночью и днём
Сердце сжигая

Люби меня, люби
Не улетай
Не исчезай
Я умоляю

Люби меня, люби
Люби меня, люби
Люби меня, люби
Люби меня, люби

Люби меня, люби
Жарким огнём
Ночью и днём
Сердце сжигая

Люби меня, люби
Не улетай
Не исчезай
Я умоляю

Люби меня, люби
Жарким огнём
Ночью и днём
Сердце сжигая

Люби меня, люби
Не улетай
Не исчезай
Я умоляю
Люби меня, люби",playlists/В роке только девушки/Люби меня люби.mp3,"['Голос молодой женщины, демонстрирующий энергию и силу, характерные для женского рока', 'Женский голос, высокий и чистый, напоминающий о звучании альтернативного рока', 'Голос молодой женщины со слегка хриплым тембром, типичным для рока', 'Естественный женский голос с характерными для рока мощью и резкостью', 'Глубокий и мощный женский голос, характеризующийся страстью, присущей року', 'Нежный женский голос с призвуками силы и упорства, вдохновленный рок-музыкой', 'Проникновенный женский голос, обладающий хрипотой и эмоциональностью, свойственными для рока', 'Женский голос, идеально сочетающий в себе мощь, бунтарский дух и харизму женщин-рокеров', 'Женский голос с дарк-роковым оттенком, подчеркнутым глубины и силы звука', 'Утонченный женский голос с ясно выраженной роковой хрипотцой и мощью']"
65460080,Я останусь одна,Екатерина Яшникова,10 кошек,10592865,2024-11-15 20:40:19.577511,В роке только девушки,"Мне давно уже за двадцать, в мои года
Другие замужем, плодятся, а со мной беда
Мне пора остепениться, я почти нашла супруга
Но уже в пятый раз его уводит подруга

Я останусь одна
На-на-на-на на-на-на-на
Заведу десять кошек, буду вечно пьяна
Я останусь одна
На-на-на-на на-на-на-на
До свидания, хороший мой, не надо стонать

Я останусь одна
На-на-на-на на-на-на-на
Заведу десять кошек, буду вечно пьяна
Я останусь одна
На-на-на-на на-на-на-на
Мне в награду стена и тишина, тишина, тишина

Я хожу по фитнес клубам, веду свой блог
Люблю готовить и читаю Ницше вместо Vogue
Пою, пишу стихи и азартна слегка
Короче, так крута, что точно отыщу мужика
Хотя кого я обманываю?

Я останусь одна
На-на-на-на на-на-на-на
Заведу десять кошек, буду вечно пьяна
Я останусь одна
На-на-на-на на-на-на-на
До свидания, хороший мой, не надо стонать

Я останусь одна
На-на-на-на на-на-на-на
Заведу десять кошек, буду вечно пьяна
Я останусь одна
На-на-на-на на-на-на-на
Мне в награду стена и тишина, тишина, тишина

Я останусь одна
Я останусь одна
На-на-на-на на-на-на-на
И пускай, и пускай, и пошло все на
Я останусь одна
На-на-на-на на-на-на-на
И пускай, и пускай, и пошло все на

Я останусь одна
На-на-на-на на-на-на-на
И пускай, и пускай, и пошло все на
Я останусь одна, одна но, может быть
Я тебе нужна?

Я останусь одна
На-на-на-на на-на-на-на
Заведу десять кошек, буду вечно пьяна
Я останусь одна
На-на-на-на на-на-на-на
До свидания, хороший мой, не надо стонать

Я останусь одна
На-на-на-на на-на-на-на
Заведу десять кошек, буду вечно пьяна
Я останусь одна, одна но, может быть
Я тебе нужна?",playlists/В роке только девушки/Я останусь одна.mp3,"['Голос молодой женщины, демонстрирующий энергию и силу, характерные для женского рока', 'Женский голос, высокий и чистый, напоминающий о звучании альтернативного рока', 'Голос молодой женщины со слегка хриплым тембром, типичным для рока', 'Естественный женский голос с характерными для рока мощью и резкостью', 'Глубокий и мощный женский голос, характеризующийся страстью, присущей року', 'Нежный женский голос с призвуками силы и упорства, вдохновленный рок-музыкой', 'Проникновенный женский голос, обладающий хрипотой и эмоциональностью, свойственными для рока', 'Женский голос, идеально сочетающий в себе мощь, бунтарский дух и харизму женщин-рокеров', 'Женский голос с дарк-роковым оттенком, подчеркнутым глубины и силы звука', 'Утонченный женский голос с ясно выраженной роковой хрипотцой и мощью']"
26180046,31-я весна,Ночные Снайперы,рубеж,12868916,2024-11-15 20:40:20.948880,В роке только девушки,"Большой широкий город, магистрали и дома
Гусары в окна, бесполезная тюрьма
Зеленым яблоком железо запоет, ты станешь слаще

А я пропала без вести в японских лагерях
Пропала голубем с синицею в руке
Я застывала в ожидании тебя, неблагодарно...

С тобой проводит ночи 31-я весна
И без сомнения ревнует ко всему
И без сомнения ревнует ко всему, бьет стекла

А я прощаюсь с городом просоленным, куда
В любое время не доходят поезда
И губы часто здесь обветрены мои бывали

Рассвет, в соломе крылья, паутина, провода
Я мягким тигром сторожу тебя в окне
И обалдевшая от нежности вода несовершенна

А я к тебе стремлюсь, я нагибаюсь до земли
Я в этом марте, в этом марте навсегда
И одуревшие дрейфуют корабли неблагодарно...

С тобой проводит ночи 31-я весна
И без сомнения ревнует ко всему
И без сомнения ревнует ко всему, бьет стекла

А я прощаюсь с городом просоленным, куда
В любое время не доходят поезда
И губы часто здесь обветрены мои бывали

С тобой проводит ночи 31-я весна
И без сомнения ревнует ко всему
И без сомнения ревнует ко всему, бьет стекла

А я прощаюсь с городом просоленным, куда
В любое время не доходят поезда
И губы часто здесь обветрены мои бывали

А я...
А я...
А я...
А ты не видишь, а я...",playlists/В роке только девушки/31-я весна.mp3,"['Голос молодой женщины, демонстрирующий энергию и силу, характерные для женского рока', 'Женский голос, высокий и чистый, напоминающий о звучании альтернативного рока', 'Голос молодой женщины со слегка хриплым тембром, типичным для рока', 'Естественный женский голос с характерными для рока мощью и резкостью', 'Глубокий и мощный женский голос, характеризующийся страстью, присущей року', 'Нежный женский голос с призвуками силы и упорства, вдохновленный рок-музыкой', 'Проникновенный женский голос, обладающий хрипотой и эмоциональностью, свойственными для рока', 'Женский голос, идеально сочетающий в себе мощь, бунтарский дух и харизму женщин-рокеров', 'Женский голос с дарк-роковым оттенком, подчеркнутым глубины и силы звука', 'Утонченный женский голос с ясно выраженной роковой хрипотцой и мощью']"
97780903,постпанк,стасиес,постпанк,20200239,2024-11-15 20:44:26.311856,В роке только девушки,"Январь того же года, я на квартире мёрзну
И мне хотелось кем-то быть, просто быть серьёзной
Я запишу как вышло, жанры мне подвластны
Я не хочу тонуть в зиме и щёки в красный

И как грязна эта зима, только shit, пустой автобус
Я пыталась оправдать всех, кто сделал мне так больно

А как же мне одной существовать, когда тебя нет рядом?
Я застряну в себе, если случайно услышу пеcню ""Айсберг""
А как же мне одной существовать, когда тебя нет рядом?
Я застряну в зиме

Плохие вести, плохие люди
Я окружала себя исключительно злом
Меня, казалось, уже никто не пробудит
Я покрывалась ежедневно тоненьким льдом

Писала песни про парней со всяких концертов
Кто улыбнулся — уже был моей мечтой
И каждой музой был, и каждым был эпицентром
Моей любовью, а я для них прохожий, чужой

Квартира, холод, а я как в театре
Ведь каждый день как новый человек, куда-то иду
Для этих буду подругой, а с теми ласковой
А где те, с кем бы я могла быть просто собой?

А как же мне одной существовать, когда тебя нет рядом?
Я застряну в себе, если случайно услышу пеcню ""Айсберг""",playlists/В роке только девушки/постпанк.mp3,"['Голос молодой женщины, демонстрирующий энергию и силу, характерные для женского рока', 'Женский голос, высокий и чистый, напоминающий о звучании альтернативного рока', 'Голос молодой женщины со слегка хриплым тембром, типичным для рока', 'Естественный женский голос с характерными для рока мощью и резкостью', 'Глубокий и мощный женский голос, характеризующийся страстью, присущей року', 'Нежный женский голос с призвуками силы и упорства, вдохновленный рок-музыкой', 'Проникновенный женский голос, обладающий хрипотой и эмоциональностью, свойственными для рока', 'Женский голос, идеально сочетающий в себе мощь, бунтарский дух и харизму женщин-рокеров', 'Женский голос с дарк-роковым оттенком, подчеркнутым глубины и силы звука', 'Утонченный женский голос с ясно выраженной роковой хрипотцой и мощью']"
732388,ариведерчи,Земфира,земфира,81430,2024-11-15 20:44:27.619827,В роке только девушки,"Вороны-москвички меня разбудили
Промокшие спички надежду убили
Курить. Значит, буду дольше жить
Значит, будем

Корабли в моей гавани жечь
На рубли поменяю билет
Отрастить бы до самых бы плеч
Я никогда не вернусь домой

С тобой мне так интересно, а с ними не очень
Я вижу, что тесно, я помню, что прочно
Дарю время; видишь: я горю
Кто-то спутал

И поджёг меня, ариведерчи
Не учили в глазок посмотреть
И едва ли успеют по плечи

Я разобью турникет, и побегу по своим
Обратный чендж на билет, я буду ждать, ты звони
В мои обычные шесть, я стала старше на жизнь
Наверное, нужно учесть

Корабли в моей гавани
Не взлетим, так поплаваем
Стрелки ровно на два часа назад

В моей гавани
Не взлетим, так поплаваем
Стрелки ровно на два часа назад
Корабли в моей гавани
Не взлетим, так поплаваем
Стрелки ровно на два часа назад

В моей гавани
Не взлетим, так поплаваем
Стрелки ровно на два часа назад",playlists/В роке только девушки/ариведерчи.mp3,"['Голос молодой женщины, демонстрирующий энергию и силу, характерные для женского рока', 'Женский голос, высокий и чистый, напоминающий о звучании альтернативного рока', 'Голос молодой женщины со слегка хриплым тембром, типичным для рока', 'Естественный женский голос с характерными для рока мощью и резкостью', 'Глубокий и мощный женский голос, характеризующийся страстью, присущей року', 'Нежный женский голос с призвуками силы и упорства, вдохновленный рок-музыкой', 'Проникновенный женский голос, обладающий хрипотой и эмоциональностью, свойственными для рока', 'Женский голос, идеально сочетающий в себе мощь, бунтарский дух и харизму женщин-рокеров', 'Женский голос с дарк-роковым оттенком, подчеркнутым глубины и силы звука', 'Утонченный женский голос с ясно выраженной роковой хрипотцой и мощью']"
32046941,Белая,Сурганова и Оркестр,Как я провёл этот Летник,3899541,2024-11-15 20:44:28.963611,В роке только девушки,"Только там, где алым метит
Солнце спину горизонта
Где сирень кудрявит ситец
И поёт прибой

Где пушистая пшеница
И, как лезвие осока
Где парящей в небе птицей
Голос твой

Там мои обнимешь плечи
Ветром волосы встревожишь
Только там открыты двери
Нам с тобой

Очнутся крылья за спиной
Когда войдёшь в мой спящий дом
Ты с первым солнечным лучом
Подаришь поцелуй!

Стрекозой порхает воля
Я рисую снова тонких нитей одиночества
Как бы ни была далёка
На губах улыбка Бога
Ты всегда со мною!

Белым, белым кроет снегом
Зелень глаз твоих...
Белым, белым станет корень
В волосах моих
Скоро...

Только там, где горным соком
Грудь земли ласкают реки
Где глаза глядят на север
С ледяной тоской

Где обшарпанное время
Патефон иглою лечит
Где, как Парки, пляшут тени
Танец свой

Там мои услышишь речи
Водопады слов уронишь
Только там открыты двери
Нам с тобой!

Очнутся крылья за спиной
Когда войдёшь в мой спящий дом
Ты с первым солнечным лучом
Подаришь поцелуй!

Стрекозой порхает воля
Я рисую снова тонких нитей одиночества
Как бы ни была далёка
На губах улыбка Бога
Ты всегда со мною!

Белым, белым кроет снегом
Зелень глаз твоих...
Белым, белым станет корень
В волосах моих...
Скоро...

Очнутся крылья за спиной
Когда войдёшь в мой спящий дом
Ты с первым солнечным лучом
Подаришь поцелуй!

Стрекозой порхает воля
Я рисую снова тонких нитей одиночества
Как бы ни была далёка
На губах улыбка Бога
Ты всегда со мною!

Очнутся крылья за спиной
Когда войдёшь в мой спящий дом
Ты с первым солнечным лучом
Подаришь поцелуй!

Стрекозой порхает воля
Я рисую снова тонких нитей одиночества
Как бы ни была далёка
На губах улыбка Бога
Ты всегда со мною!

Белым, белым кроет снегом
Зелень глаз твоих...
Белым, белым станет корень
В волосах моих...

Белым, белым кроет снегом
Зелень глаз твоих...
Белым, белым станет корень
В волосах моих...
Скоро...",playlists/В роке только девушки/Белая.mp3,"['Голос молодой женщины, демонстрирующий энергию и силу, характерные для женского рока', 'Женский голос, высокий и чистый, напоминающий о звучании альтернативного рока', 'Голос молодой женщины со слегка хриплым тембром, типичным для рока', 'Естественный женский голос с характерными для рока мощью и резкостью', 'Глубокий и мощный женский голос, характеризующийся страстью, присущей року', 'Нежный женский голос с призвуками силы и упорства, вдохновленный рок-музыкой', 'Проникновенный женский голос, обладающий хрипотой и эмоциональностью, свойственными для рока', 'Женский голос, идеально сочетающий в себе мощь, бунтарский дух и харизму женщин-рокеров', 'Женский голос с дарк-роковым оттенком, подчеркнутым глубины и силы звука', 'Утонченный женский голос с ясно выраженной роковой хрипотцой и мощью']"
112289813,весна,kochneva,2-1,25222518,2024-11-15 20:44:30.362404,В роке только девушки,"Ночь
Я хочу себе помочь
Не справляюсь никогда
Опять разрываюсь в клочья
И болит голова
Я не верю, что придёт весна
Я не верю, что пришла весна

День
Снова мысли о тебе
Я застряла в октябре
По-по-попадаю в плен
Как в компьютерной игре
(или не в компьютерной игре)

А мне хочется куда-то убежать,
Нервы вдребезги, сплошная суета
Я не верю, что придёт весна
Я не верю, что пришла весна

Пришла весна,
Мы с тобою допоздна
Мои красные глаза твердят,
Что нужно больше сна
Но, поверь, нам не до сна
Но, поверь, нам не до сна
Это не твоя вина
Это не моя

Пришла весна,
Мы с тобою допоздна
Мои красные глаза твердят,
Что нужно больше сна
Но, поверь, нам не до сна
Но, поверь, нам не до сна
Это не твоя вина
Это не моя

Шагаем по городу
Все тайны о сырой асфальт,
Зима, до скорого!
Надеюсь, встретимся мы никогда
Холодом, ты греешь только холодом
Из-под ног земля, лучше без тебя

Всё напрасно и
Пошутишь, что когда-то были слишком разными (смотри)
Со свистом проле-проле-пролетают дни
Теперь мы не одни
Теперь все смело могут говорить

Пришла весна,
Мы с тобою допоздна
Мои красные глаза твердят,
Что нужно больше сна
Но, поверь, нам не до сна
Но, поверь, нам не до сна
Это не твоя вина
Это не моя

Пришла весна,
Мы с тобою допоздна
Мои красные глаза твердят,
Что нужно больше сна
Но, поверь, нам не до сна
Но, поверь, нам не до сна
Это не твоя вина
Это не моя",playlists/В роке только девушки/весна.mp3,"['Голос молодой женщины, демонстрирующий энергию и силу, характерные для женского рока', 'Женский голос, высокий и чистый, напоминающий о звучании альтернативного рока', 'Голос молодой женщины со слегка хриплым тембром, типичным для рока', 'Естественный женский голос с характерными для рока мощью и резкостью', 'Глубокий и мощный женский голос, характеризующийся страстью, присущей року', 'Нежный женский голос с призвуками силы и упорства, вдохновленный рок-музыкой', 'Проникновенный женский голос, обладающий хрипотой и эмоциональностью, свойственными для рока', 'Женский голос, идеально сочетающий в себе мощь, бунтарский дух и харизму женщин-рокеров', 'Женский голос с дарк-роковым оттенком, подчеркнутым глубины и силы звука', 'Утонченный женский голос с ясно выраженной роковой хрипотцой и мощью']"
105805084,Без ума,Собачий Lie,Без ума,22963693,2024-11-15 20:44:31.444664,В роке только девушки,,playlists/В роке только девушки/Без ума.mp3,"['Голос молодой женщины, демонстрирующий энергию и силу, характерные для женского рока', 'Женский голос, высокий и чистый, напоминающий о звучании альтернативного рока', 'Голос молодой женщины со слегка хриплым тембром, типичным для рока', 'Естественный женский голос с характерными для рока мощью и резкостью', 'Глубокий и мощный женский голос, характеризующийся страстью, присущей року', 'Нежный женский голос с призвуками силы и упорства, вдохновленный рок-музыкой', 'Проникновенный женский голос, обладающий хрипотой и эмоциональностью, свойственными для рока', 'Женский голос, идеально сочетающий в себе мощь, бунтарский дух и харизму женщин-рокеров', 'Женский голос с дарк-роковым оттенком, подчеркнутым глубины и силы звука', 'Утонченный женский голос с ясно выраженной роковой хрипотцой и мощью']"
88977112,Песня о себе,Екатерина Яшникова,Я,17394502,2024-11-15 20:44:32.844507,В роке только девушки,"Есть много разных пеcен, чьи тексты приходят из космоса
Мне нужно было написать песню о себе для конкурса
Ни то, чтобы тема сложная. Я и с объектом знакома давно
Просто хотелось написать нормальную песню, а не какое-то там

Над текстом думала долго, да и время поджимало
И вот, когда его оставалось катастрофически мало
Пришла идея писать о себе, как говорится, с начала
И, кратко свой жизненный путь изложив, дойти до финала

В припeве должно быть что-то про музыку и про жизненную позицию
Сыгранное на простых аккордах, ибо нет времени с ними возиться
Получилось вроде бы сносно, по крайней мере правдиво
Песня о себе, с элементами эстрадного вокала и речитатива

Я родилась в Москве в начале девяностых
Не помню, как было тогда, но, говорят, непросто
Что криминальный беспредел разросся как короста
На теле города. Все пёрли, и был спёртый воздух

Я помню, как жила с семьёй за МКАДом в съёмной однушке
И как из скотча и фольги себе лепила игрушки
Уже тогда хотелось мне добраться до верхушки
А не курить и не палить по воробьям из пушки (пау-пау)

Уже тогда я пела песни и чуть-чуть сочиняла
Уже тогда мечтала спеть на сцене перед залом
Но это первый куплет, и это только начало
Ковровая дорожка была не алой

Сейчас подумал кто-то может (фу, да вообще кошмар): ""Лучше бы ты пела
С таким вот голосом речитатив (мне вообще не нравится) вообще не дело""
Но на подобные советы так отвечу я вам
""Ребята, я выросла в Бутово. Имею право""

А скажут: ""Музыка простая"" — я отвечу гордо
""Да все хиты звучат на этих четырёх аккордах!""

No, woman, no cry
Засыпай, на руках у меня засыпай
Hello from the otherside

Я буду петь своё, а вы там каверите
Крутые песни дяди Вани, дяди Вити
Но знайте: на большую сцену вам не выйти
Пока чужие песни на репите

Я думаю, что лучше классный текст, чем трендовость звучания
Лучше работать над собой, не злясь на замечания
И лучше гнать за журавлями, чем давиться синицами
Я девочка с гитарой и огромными амбициями

Уроки жизни начались во времена детсада
Тогда я поняла, что мне больше других надо
Дважды пыталась сбежать, влезая на ограду
Прошла вражду, бойкот, круги детсадовского ада

А в школе было проще средь незнакомых ребят
Во-первых, потому что закалил меня детсад
А во-вторых, это был мир других координат
Где ценен интеллект, а не игрушки и наряд

В то время были танцы, музыкалка и английский
Фольклор и плавание тоже долго были в списках
В последнем делала успехи, что рождало мысли
Начать карьеру пловца или ватерполистки

Потом сменилась школа, с ней и интересы
Тогда я написала множество стихов и песен
Играла в школьном театре в экспериментальных пьесах
Бассейн сменили лыжи, а фольклор — прогрессив

И доучившись так до золотой медали
Из школы улетела я в неведомые дали
Но музыка всегда была со мною, что не вяжется никак
С тем, что я поступила в МГУ и на психфак

Короче, я вас загрузила со вторым куплетом
Давайте остановимся на этом

No, woman, no cry
Засыпай, на руках у меня засыпай
Hello from the otherside

Я буду петь своё, а вы там каверите
Крутые песни дяди Вани, дяди Вити
Но знайте: на большую сцену вам не выйти
Пока чужие песни на репите

Я думаю, что лучше классный текст, чем трендовость звучания
Лучше работать над собой, не злясь на замечания
И лучше гнать за журавлями, чем давиться синицами
Я девочка с гитарой и огромными амбициями

Итак, сумев на красный в ВУЗе доучиться
По специальности работала я в психбольнице
Пыталась на научном поприще трудиться
За 9 тысяч в месяц, в дорогой столице

Уже тогда влилась в круги современных поэтов
Давала робкие концерты для друзей при этом
Мечтая, чтобы мои песни пели по всему свету
Домой с работы шла под трек Пилотов ""Где ты""

Но чтоб мечты исполнялись, нужно что-то менять
Вот я уволилась с работы — всё, с меня хватит
И записала ""Я останусь одна дома на кровати""
Да, эта песня тоже обо мне, кстати (и я останусь одна)

И тут случилось чудо: на песню повалил народ
""А что это за девочка? А что она поёт?""
И да, на первых порах меня бросало в пот
От мыслей ""Как это случилось"" и ""К чему ведёт?""

Прошло два года: туры, в городах концертные залы
Полны людей, и это здорово, но, всё-таки, мало
Ведь на большой сцене я всё ещё не отыграла
А, значит, песне далеко до финала

Не бойтесь люди: четвёртого куплета не будет
Вместо четвёртого куплета будет интерлюдия
Столь благодатная тема. Ну что ответить мне вам?
Третий куплет окончен — время для припeва

No, woman, no cry
Засыпай, на руках у меня засыпай
Hello from the otherside

Я буду петь своё, а вы там каверите
Крутые песни дяди Вани, дяди Вити
Но знайте: на большую сцену вам не выйти
Пока чужие песни на репите

Я думаю, что лучше классный текст, чем трендовость звучания
Лучше работать над собой, не злясь на замечания
И лучше гнать за журавлями, чем давиться синицами
Я девочка с гитарой и огромными амбициями

Вот интерлюдия. Хоть ближе этот текст к эпилогу
С таким жюри, походу, стилем я ошиблась немного (Да-а)
Есть шанс у этно, инди, драма и рока (рока)
Но не у этого, то ли хип-хопа, то ли монолога

Но говорят: ""Победа не важна, а важен бой сам""
Поэтому ты либо бейся (пау-пау-пау), либо бойся
И да, хотя я просто так участвовать порой за
Мне жаль, что в конкурсе в жюри не оказалось Нойза (угу)

Если б он этот трек услышал, то в ответочку
Он записал бы feat со мной, а не с Монеточкой (да-да)
Тогда б из каждого смартфона, утюга и печки
Звучали песни Яшниковой, а не Гречки

Нейромонах, Террмейтс, Бешевли, Louna и Манижа
Когда-нибудь в подобном списке я себя увижу
Хоть я не вписываюсь ни в одну из этих нишей
Как ни старайся, вряд ли с кем из них однажды сближусь

Во времена расцвета хайпа, свега, кавербендов
Во времена упадка лирики, диктата тренда
Я буду дальше гнуть своё, требуя перемен, да
К пути к счастливому финалу, а не к хэппи энду

No, woman, no cry
Засыпай, на руках у меня засыпай
Hello from the otherside

Я буду петь своё, а вы там каверите
Крутые песни дяди Вани, дяди Вити
Но знайте: на большую сцену вам не выйти
Пока чужие песни на репите

Я думаю, что лучше классный текст, чем трендовость звучания
Лучше работать над собой, не злясь на замечания
И лучше гнать за журавлями, чем давиться синицами
Я девочка с гитарой и огромными

Я буду петь своё, а вы там каверите
Крутые песни дяди Вани, дяди Вити
Но знайте: на большую сцену вам не выйти
Пока чужие песни на репите

Я думаю, что лучше классный текст, чем трендовость звучания
Лучше работать над собой, не злясь на замечания
И лучше гнать за журавлями, чем давиться синицами
Я девочка с гитарой и огромными амбициями",playlists/В роке только девушки/Песня о себе.mp3,"['Голос молодой женщины, демонстрирующий энергию и силу, характерные для женского рока', 'Женский голос, высокий и чистый, напоминающий о звучании альтернативного рока', 'Голос молодой женщины со слегка хриплым тембром, типичным для рока', 'Естественный женский голос с характерными для рока мощью и резкостью', 'Глубокий и мощный женский голос, характеризующийся страстью, присущей року', 'Нежный женский голос с призвуками силы и упорства, вдохновленный рок-музыкой', 'Проникновенный женский голос, обладающий хрипотой и эмоциональностью, свойственными для рока', 'Женский голос, идеально сочетающий в себе мощь, бунтарский дух и харизму женщин-рокеров', 'Женский голос с дарк-роковым оттенком, подчеркнутым глубины и силы звука', 'Утонченный женский голос с ясно выраженной роковой хрипотцой и мощью']"
132751723,Under the Parquet,Xemory,Under the Parquet,33944010,2024-11-15 21:26:23.244701,Русский рэп: открытия,"Тебе петь бы в хоре Сопрано
А не лечить, что ты Тони Сопрано
Твои проблемы за тебя решают мама или папа
Ты не с района — ты с дивана

Твой рот на нуле вне телеграмма
Ведь духа ни грамма
Если перед тобой нет экрана

Ляжешь с одной тычки, ведь умеешь только тыкать пальцем
В темпе вальса, бегом обратно под одеяльце
У тебя много лавэ? Это сон, просыпайся

Aight, look, эти грилзы не с алика
Пару раз, как Guf, ловил Алика
Мой флоу уникальный
В барах только правда

Не успокоюсь, пока не будет бабок больше, чем у Дональда Трампа
Бро, я помню время, когда даже адик покупали на садике
Слонялись по падикам

Теперь совсем другие проблемы —
Семья, хата, кредиты
Но музон ещё со мной, хоть он, как и я, изменился

Не базарю за то, чего нет
Моя цель — преумножить свой стек
Жить на вилле на старости лет
С баблом и стволом под паркетом

С баблом и стволом под паркетом (ты понял?)
С баблом и стволом под паркетом (как Хайзенберг)
С баблом и стволом под паркетом (ты понял?)
С баблом и стволом под паркетом

У нас разные дороги, не, ты не Пол Уокер
На словах Толстой, но ведь в жизни ты полу-покер
Мы только подлетели, под тобой уже пол мокрый
А базарил так, как будто у тебя каре на флопе

Флип-флопай, теперь отсюда в ужасе
Не носи широкое, таким как ты надо зауженное
Стейк нужен нам за каждым ужином

Вот поэтому загружен я (салют Каспийскому)
Если надо по делам, то я просыпаюсь рано, даже если была пьянка
Ведь мои дети должны вырасти в хате на Лубянке
И тратить деньги папки с офшорных банков

Не базарю за то, чего нет
Моя цель — преумножить свой стек
Жить на вилле на старости лет
С баблом и стволом под паркетом

С баблом и стволом под паркетом (ты понял?)
С баблом и стволом под паркетом (как Хайзенберг)
С баблом и стволом под паркетом (ты понял?)
С баблом и стволом под паркетом",playlists/Русский рэп: открытия/Under the Parquet.mp3,"['Мужской голос, исполнитель русского рэпа, с грубой окраской', 'Молодой мужской вокал, русская рэп-музыка, с ощутимым акцентом', 'Женский голос, исполнительница русского рэпа, с агрессивной окраской', 'Молодой женский голос, с переходами на высокие ноты, для русского рэпа', 'Мужской голос, с низким тембром и хрипотцой, для русской рэп-музыки', 'Женский вокал с чувственной окраской и переходами на низкие ноты для русского рэпа', 'Взрослый мужской голос, для русского рэпа, с агрессивной окраской и резкими переходами', 'Мужской вокал для русского рэпа, с внезапными переходами от низких нот к высоким', 'Женский голос, для пением русских рэп-песен, с чувственной и нежной окраской', 'Взрослый женский вокал, жёсткий и проникновенный, для русского рэпа']"
132305338,Oversize,Фанкин,Oversize,33756587,2024-11-15 21:28:05.922541,Русский рэп: открытия,,playlists/Русский рэп: открытия/Oversize.mp3,"['Мужской голос, исполнитель русского рэпа, с грубой окраской', 'Молодой мужской вокал, русская рэп-музыка, с ощутимым акцентом', 'Женский голос, исполнительница русского рэпа, с агрессивной окраской', 'Молодой женский голос, с переходами на высокие ноты, для русского рэпа', 'Мужской голос, с низким тембром и хрипотцой, для русской рэп-музыки', 'Женский вокал с чувственной окраской и переходами на низкие ноты для русского рэпа', 'Взрослый мужской голос, для русского рэпа, с агрессивной окраской и резкими переходами', 'Мужской вокал для русского рэпа, с внезапными переходами от низких нот к высоким', 'Женский голос, для пением русских рэп-песен, с чувственной и нежной окраской', 'Взрослый женский вокал, жёсткий и проникновенный, для русского рэпа']"
129960444,Sauce & Bounce,egorthebrave,Sauce & Bounce,32819083,2024-11-15 21:28:07.331520,Русский рэп: открытия,"Wassup, неважно, сколько еды в этом мире
Важно, кто отвечает за соус 

И мне, эй
И мне все равно, сколько еды
Важно (что?) лишь, кто в ответе за соус (эй)
За соус отвечает bravedatguap, и я буду стоять у плиты, даже если фастфуда полно (swear)

Моя жизнь - highs and lows, но это хорошо
Легко б получилась книга с моих чистых листов
У нас есть bounce, хотя до пика далеко
Дырки в моем резюме - двигался тихо 

I’ll make my pockets fat, they be wakin’ up, they wanna feel my rhythm (welcome)
Мой squad - no lames allowed, и я честно говорю, что I-I don’t hang with ‘em (nah)

Bro, ama risk taker, plus-plus Im real player
Еще geeked up as fuck, уже затекла шея 
Я делаю все, что хочу сам и чувствую (эй), поэтому получаются bangers

Мы ходим в реальных черевичках, бро, на тебе чешки
Кого ты щелкнешь в своих треканах? Я вас видел, лучше сиди щелкай орешки (brrah-brrah)
We be pullin’, ayy, we be pullin’ up с дамами ща, хотя были же пешки (damn)
Я в очереди долго стою, эти игроки скоро возьмут, отвалятся в спешке 
А мы пушим эти P’шки (у)

I don’t wanna be the same
У мя с собой бесконечная гонка
Кстати, labels be callin’ my name
Позволь пофлексить этим, потешить ребенка 

А все потому, что I got that bounce
У меня есть соус, соус, соус and bounce 
У меня есть соус, соус, но нет пауз
Конкуренты - so so, mate, on God

Я еще далеко не там, где хотел бы быть, бро - это мой стимул бегать (run it up)
Меня не волнуют эти racks’ы, но они липнут, будто дёготь (sirski)

I don’t wanna be rude, но еще много кто липнет щас 
Надеюсь, когда-нить наступит мой час
Клянусь, не забуду тех, кто был за нас (on my momma, ayy, ayy, ayy)

Ah, I can make your ass dance
I got that sauce & bounce, забыл про лень
Мы самые подлинные on that scene
Two baddies right here, я становлюсь between

Я краду строчки только сам у себя
No mo ceilings - пахну, как Paco Rabanne 
И скоро поеду по-по городам, fuck it

Это был, есть, и будет bravedatguap, привыкайте",playlists/Русский рэп: открытия/Sauce & Bounce.mp3,"['Мужской голос, исполнитель русского рэпа, с грубой окраской', 'Молодой мужской вокал, русская рэп-музыка, с ощутимым акцентом', 'Женский голос, исполнительница русского рэпа, с агрессивной окраской', 'Молодой женский голос, с переходами на высокие ноты, для русского рэпа', 'Мужской голос, с низким тембром и хрипотцой, для русской рэп-музыки', 'Женский вокал с чувственной окраской и переходами на низкие ноты для русского рэпа', 'Взрослый мужской голос, для русского рэпа, с агрессивной окраской и резкими переходами', 'Мужской вокал для русского рэпа, с внезапными переходами от низких нот к высоким', 'Женский голос, для пением русских рэп-песен, с чувственной и нежной окраской', 'Взрослый женский вокал, жёсткий и проникновенный, для русского рэпа']"
131529609,Понедельник,Lomany Russky,Понедельник,33448541,2024-11-15 21:28:08.482467,Русский рэп: открытия,"Курю дохуя, сплю так же 
На тебе новый наряд, я на винтажке
В клубе не под что плясать, я на домашнем 
Телефоны, адреса - все не так важно 

Ты боишься быть один 
Боишься отражения витрин 
И то место, что хотелось бы занять 
Заняли еще вчера 
Прорывается весна 
Но эти юбки уже не цепляют взгляд
 
Пока ракеты атакуют города 
Я на панических атаках доползаю до утра 
Вываливаясь в мир из поношенных цитат
Я кутаюсь в уютной духоте разбора по слогам 

Жопы как флаеры, тот еще балаган 
Член - индикатор, ноющий на дешевый товар 
Целый город преисполненных - пизда 
Но их хватает лишь на то, чтобы косплеить город Москва

Не лезь в карман 
Не обижай дам 
Доставай нож, только если готов оставить шрам 
А лучше не носи его с собой 
Будь водой
Все предельно ясно, если дружишь с головой 

Диско шар посреди ничего 
Я наконец-то не жду никого 
Выросли крылья и можно летать 
Только теперь не хочу никуда

Диско шар посреди ничего
Я наконец-то не жду никого
Выросли крылья и можно летать
Только теперь не хочу никуда

Диско шар посреди ничего",playlists/Русский рэп: открытия/Понедельник.mp3,"['Мужской голос, исполнитель русского рэпа, с грубой окраской', 'Молодой мужской вокал, русская рэп-музыка, с ощутимым акцентом', 'Женский голос, исполнительница русского рэпа, с агрессивной окраской', 'Молодой женский голос, с переходами на высокие ноты, для русского рэпа', 'Мужской голос, с низким тембром и хрипотцой, для русской рэп-музыки', 'Женский вокал с чувственной окраской и переходами на низкие ноты для русского рэпа', 'Взрослый мужской голос, для русского рэпа, с агрессивной окраской и резкими переходами', 'Мужской вокал для русского рэпа, с внезапными переходами от низких нот к высоким', 'Женский голос, для пением русских рэп-песен, с чувственной и нежной окраской', 'Взрослый женский вокал, жёсткий и проникновенный, для русского рэпа']"
129986382,Греет холодный ветер,$kinnykk,Греет холодный ветер,32830799,2024-11-15 21:28:09.523478,Русский рэп: открытия,,playlists/Русский рэп: открытия/Греет холодный ветер.mp3,"['Мужской голос, исполнитель русского рэпа, с грубой окраской', 'Молодой мужской вокал, русская рэп-музыка, с ощутимым акцентом', 'Женский голос, исполнительница русского рэпа, с агрессивной окраской', 'Молодой женский голос, с переходами на высокие ноты, для русского рэпа', 'Мужской голос, с низким тембром и хрипотцой, для русской рэп-музыки', 'Женский вокал с чувственной окраской и переходами на низкие ноты для русского рэпа', 'Взрослый мужской голос, для русского рэпа, с агрессивной окраской и резкими переходами', 'Мужской вокал для русского рэпа, с внезапными переходами от низких нот к высоким', 'Женский голос, для пением русских рэп-песен, с чувственной и нежной окраской', 'Взрослый женский вокал, жёсткий и проникновенный, для русского рэпа']"
129173087,KNOCK-KNOCK,J. ROUH,FAMILY FIRST,32493929,2024-11-15 21:28:10.717190,Русский рэп: открытия,"Время 5:40 — мы в полном ахуе 
Долговой счётчик тикает, мозг трахает мне
Но я знал, что всё закрою J
Пачка в день чисто, чтоб не садиться на Паранойю 
23 лета — ноль в кармане
Мама-мама, я связался с плохой компанией 
Деньги не сыпались с небес, они пустили корни 
Верю, моя жизнь изменится уже в ближайший вторник 
Всё, что было нужно, стучит в двери knock-knock
Всё, что было нужно, это опыт чуть luck 
Я научился ждать и делать и сдвигать такт 
Научился сам, но могу кинуть контакт
С теми, с кем общался раньше, орут: Как так
Опять синяки под глазом — живой трупак
Опять синяки под глазом

Я разбрасываю чувства, мне не до тревог 
Время — это ключ, и я нашёл его Нашел её
Снег не занесёт мои следы до утра, если повезёт 
И я разбрасываю чувства мне не до тревог
Время — это ключ, и я нашёл его

Тренируйся, работай, но на победу не надейся
Там есть топов 10, братанчик, больше нету места, йоу, так все говорят
Типа уровень недосягаем
Легко ходить по краю, если тебя никто не знает, да? Нет
Не могу закончить то, что начал 
Не про музон сейчас вообще, давно не слышал плача от себя 
Давно не звонил бабушке
All I got to do it’s work 
Меняйся или сдохни
Да хоть выстрели себе в висок 

Всё, что было нужно, стучит в двери knock-knock
Всё, что было нужно, это опыт чуть luck 
Я научился ждать и делать и сдвигать такт 
Научился сам, но могу кинуть контакт
С теми, с кем общался раньше, орут: Как так
Опять синяки под глазом — живой трупак 
Опять синяки под глазом

И я разбрасываю чувства, мне не до тревог
Always ganna talk Always gonna talk
Время — это ключ, и я нашёл его Нашёл его
И я разбрасываю чувства, мне не до тревог
Время — это ключ, и я нашёл его",playlists/Русский рэп: открытия/KNOCK-KNOCK.mp3,"['Мужской голос, исполнитель русского рэпа, с грубой окраской', 'Молодой мужской вокал, русская рэп-музыка, с ощутимым акцентом', 'Женский голос, исполнительница русского рэпа, с агрессивной окраской', 'Молодой женский голос, с переходами на высокие ноты, для русского рэпа', 'Мужской голос, с низким тембром и хрипотцой, для русской рэп-музыки', 'Женский вокал с чувственной окраской и переходами на низкие ноты для русского рэпа', 'Взрослый мужской голос, для русского рэпа, с агрессивной окраской и резкими переходами', 'Мужской вокал для русского рэпа, с внезапными переходами от низких нот к высоким', 'Женский голос, для пением русских рэп-песен, с чувственной и нежной окраской', 'Взрослый женский вокал, жёсткий и проникновенный, для русского рэпа']"
129651950,Добрее,IGOR,Добрее,32688014,2024-11-15 21:28:11.875497,Русский рэп: открытия,"Я хотел бы стать добрее, но сам не верю, что получится
Мы выросли в цене, но боль становится сильней
В начале ты поверил в то, что на ошибках учатся
Со временем привык, что быть ошибкой — веселей
Украдкой краденные почести — не повод для их гордости
Я говорю с Богом на ""ты"", надеюсь, он простит
Я искренне боюсь расслабиться и проебать возможности
Ведь побеждает тот, кто просто никогда не спит

Ты хочешь быть всем и для всех
Хочешь оседлать успех
Хочешь слышать искренний смех, но
Пальцами снова ищешь Cricket
Мне так нужен был совет, теперь — нет
Мне так нужен был билет на Москву
Принести в семью котлет к Рождеству
Внутри что-то говорит, что смогу (Ведь смогу)
Всегда успевал пожрать на ходу
Теперь города кричат, что иду
Но мне не льстит это
Свои страхи я прикрыл пледом
Совесть тоже, если честно, проебал где-то
В них любви нету, и в том причина, что их выигрыш не назвать победой
Всегда забавно с них
Мне было проще отшутиться, чем пиздеть о чём-то личном
Не показывать им чувств — уже давно вошло в привычку
Эгоистично? Да мне похуй, как обычно
Я не терял себя

Я хотел бы стать добрее, но сам не верю, что получится
Мы выросли в цене, но боль становится сильней
В начале ты поверил в то, что на ошибках учатся
Со временем привык, что быть ошибкой — веселей
Украдкой краденные почести — не повод для их гордости
Я говорю с Богом на ""ты"", надеюсь, он простит
Я искренне боюсь расслабиться и проебать возможности
Ведь побеждает тот, кто просто никогда не спит",playlists/Русский рэп: открытия/Добрее.mp3,"['Мужской голос, исполнитель русского рэпа, с грубой окраской', 'Молодой мужской вокал, русская рэп-музыка, с ощутимым акцентом', 'Женский голос, исполнительница русского рэпа, с агрессивной окраской', 'Молодой женский голос, с переходами на высокие ноты, для русского рэпа', 'Мужской голос, с низким тембром и хрипотцой, для русской рэп-музыки', 'Женский вокал с чувственной окраской и переходами на низкие ноты для русского рэпа', 'Взрослый мужской голос, для русского рэпа, с агрессивной окраской и резкими переходами', 'Мужской вокал для русского рэпа, с внезапными переходами от низких нот к высоким', 'Женский голос, для пением русских рэп-песен, с чувственной и нежной окраской', 'Взрослый женский вокал, жёсткий и проникновенный, для русского рэпа']"
129568164,Квиз,Фанкин,Квиз,32653836,2024-11-15 21:28:12.935531,Русский рэп: открытия,,playlists/Русский рэп: открытия/Квиз.mp3,"['Мужской голос, исполнитель русского рэпа, с грубой окраской', 'Молодой мужской вокал, русская рэп-музыка, с ощутимым акцентом', 'Женский голос, исполнительница русского рэпа, с агрессивной окраской', 'Молодой женский голос, с переходами на высокие ноты, для русского рэпа', 'Мужской голос, с низким тембром и хрипотцой, для русской рэп-музыки', 'Женский вокал с чувственной окраской и переходами на низкие ноты для русского рэпа', 'Взрослый мужской голос, для русского рэпа, с агрессивной окраской и резкими переходами', 'Мужской вокал для русского рэпа, с внезапными переходами от низких нот к высоким', 'Женский голос, для пением русских рэп-песен, с чувственной и нежной окраской', 'Взрослый женский вокал, жёсткий и проникновенный, для русского рэпа']"
131272667,Certified Slapper,egorthebrave,Certified Slapper,33345862,2024-11-15 21:28:14.249053,Русский рэп: открытия,"Ghm, bravedatguap, das wassup, ayy

Умираю, когда меня лечат, как Сплин (wow)
И что бы я не дропнул  - это сертифицированный slapper
Они так боятся ошибиться, поэтому даже не делают шага
Damn, я готов ошибаться, ведь это пойдет мне на благо
Меня путают с водоемом, захожу куда-нить - поднимается влага

Ayy, никаких крабов, но они crusty (huh?)
I don’t wanna be with ‘em, молю, trust me
Мне лучше одному? Okay, must be
И мне кажется, у них непереносимость лактозы, потому что, ah, (wha’?) they got no cheese
Took a long way to go, like Im Cochise
Говорю на русском и guapanese (w-wha’?)

Снимают такую шляпу, что я просто шляпу снимаю (bruh)
Кинь их на этот же битос, никто не зазвучит нормально (f-fax)
Не нужны догонялки с ними, ведь мне этого хватает понимания (эй)
Они все так хотят внимания
Знаю все про игру - Неманья (bravedatguap)

Ayy, no covid, bro, but Im locked in wigga (bet)
Сам себя торможу, я не хочу взлетать быстро (nah, nah)
Даже с нулевыми стримами это certified slapper (say less)
Красные и синие таблы содержит мой блистер

Они там чето печатают, постоянно слышу: «че за тайп?»
Я набираю вес, но нахер быстрые углеводы и еще быстрый clout (у)
Вы такие слаймы, весь нос в соплях (slatt)
Скажу кучу раз - я в «No Lames Allowed» (е)
Ну и если отбросить слова, а ну, show me right now, who be colder than us?

Ayy, это bravedatguap
Делать то, что они хотят и свои мувы прозрачными - бро, это бред, on God
Тебя только заметили, нахер ты дропаешь то, что не понравится детям, эй?
Я начинал from scratch, много скретчей на треках - зови амбассадором скретчей, man

Fuck chasing cash, but never chase a hoe before the bag (fax)
Im squabblin’ all day long, завез в Россию squabble dance (b-boom)
Лейблы звонят - хотят забрать мои будущие bands (hell nah)
Nah, fuck ‘em, rockin’ simple stuff - no lables on my pants (ya dig?)

Эй, это bravedatguap
Это bravedatguap
Эй, эй, это bravedatguap
Эй, это bravedatguap
Эй, это bravedatguap",playlists/Русский рэп: открытия/Certified Slapper.mp3,"['Мужской голос, исполнитель русского рэпа, с грубой окраской', 'Молодой мужской вокал, русская рэп-музыка, с ощутимым акцентом', 'Женский голос, исполнительница русского рэпа, с агрессивной окраской', 'Молодой женский голос, с переходами на высокие ноты, для русского рэпа', 'Мужской голос, с низким тембром и хрипотцой, для русской рэп-музыки', 'Женский вокал с чувственной окраской и переходами на низкие ноты для русского рэпа', 'Взрослый мужской голос, для русского рэпа, с агрессивной окраской и резкими переходами', 'Мужской вокал для русского рэпа, с внезапными переходами от низких нот к высоким', 'Женский голос, для пением русских рэп-песен, с чувственной и нежной окраской', 'Взрослый женский вокал, жёсткий и проникновенный, для русского рэпа']"
129661438,BLACK CRESTA ROLLIN OVER,"TONY TAKKER, SHINING BREEZZE",URAL THANG,32692643,2024-11-15 21:28:15.192530,Русский рэп: открытия,,playlists/Русский рэп: открытия/BLACK CRESTA ROLLIN OVER.mp3,"['Мужской голос, исполнитель русского рэпа, с грубой окраской', 'Молодой мужской вокал, русская рэп-музыка, с ощутимым акцентом', 'Женский голос, исполнительница русского рэпа, с агрессивной окраской', 'Молодой женский голос, с переходами на высокие ноты, для русского рэпа', 'Мужской голос, с низким тембром и хрипотцой, для русской рэп-музыки', 'Женский вокал с чувственной окраской и переходами на низкие ноты для русского рэпа', 'Взрослый мужской голос, для русского рэпа, с агрессивной окраской и резкими переходами', 'Мужской вокал для русского рэпа, с внезапными переходами от низких нот к высоким', 'Женский голос, для пением русских рэп-песен, с чувственной и нежной окраской', 'Взрослый женский вокал, жёсткий и проникновенный, для русского рэпа']"
130350649,нет места фанку,INMYWHITEE,нет места фанку,32970554,2024-11-15 21:28:16.349471,Русский рэп: открытия,,playlists/Русский рэп: открытия/нет места фанку.mp3,"['Мужской голос, исполнитель русского рэпа, с грубой окраской', 'Молодой мужской вокал, русская рэп-музыка, с ощутимым акцентом', 'Женский голос, исполнительница русского рэпа, с агрессивной окраской', 'Молодой женский голос, с переходами на высокие ноты, для русского рэпа', 'Мужской голос, с низким тембром и хрипотцой, для русской рэп-музыки', 'Женский вокал с чувственной окраской и переходами на низкие ноты для русского рэпа', 'Взрослый мужской голос, для русского рэпа, с агрессивной окраской и резкими переходами', 'Мужской вокал для русского рэпа, с внезапными переходами от низких нот к высоким', 'Женский голос, для пением русских рэп-песен, с чувственной и нежной окраской', 'Взрослый женский вокал, жёсткий и проникновенный, для русского рэпа']"
129981700,GORODA,GATASKI,GORODA,32829325,2024-11-15 21:28:17.729291,Русский рэп: открытия,"А выбора было немного
Или работа, или свобода
Тебе вторая явно снится
Давай мы с тобой поспорим

А мы с ней станцуем сальсу
Мы созданы для любви здесь
Мне скоро жизнь подарит краски
Вскружила голову, мне точно надо присесть

Города, вокруг, коротал дни, пропадал
И не то чтобы с пользой
И до примера мне примерно дохуя
Я не пытаюсь быть взрослым
Мне улица поет

А выбора было немного
Или работа, или свобода
Тебе вторая явно снится
Давай мы с тобой поспорим

А мы с ней станцуем сальсу
Мы созданы для любви здесь
Мне скоро жизнь подарит краски
Вскружила голову, мне точно надо присесть

Обещал, что я не буду в это лезть
Потерял интерес встревать в замес
(Кто виноват?) Кто виноват?
Такими выросли все здесь
Мне 15, а я в кармане несу вес

Успех манит долго, от ума нет толку
Да, ещё говорю, что буду первым, но уже не громко
Обязан близким, но не брал ни одного долга

А выбора было немного
Или работа или свобода
Тебе вторая явно снится
Давай мы с тобой поспорим

А мы с ней станцуем сальсу
Мы созданы для любви здесь
Мне скоро жизнь подарит краски
Вскружила голову, мне точно надо присесть",playlists/Русский рэп: открытия/GORODA.mp3,"['Мужской голос, исполнитель русского рэпа, с грубой окраской', 'Молодой мужской вокал, русская рэп-музыка, с ощутимым акцентом', 'Женский голос, исполнительница русского рэпа, с агрессивной окраской', 'Молодой женский голос, с переходами на высокие ноты, для русского рэпа', 'Мужской голос, с низким тембром и хрипотцой, для русской рэп-музыки', 'Женский вокал с чувственной окраской и переходами на низкие ноты для русского рэпа', 'Взрослый мужской голос, для русского рэпа, с агрессивной окраской и резкими переходами', 'Мужской вокал для русского рэпа, с внезапными переходами от низких нот к высоким', 'Женский голос, для пением русских рэп-песен, с чувственной и нежной окраской', 'Взрослый женский вокал, жёсткий и проникновенный, для русского рэпа']"
311758,Clint Eastwood,Gorillaz,The Singles Collection 2001-2011,1901380,2024-11-16 15:40:02.496880,Музыка 2000-х,,playlists/Музыка 2000-х/Clint Eastwood.mp3,"['Мужской вокал, русскоязычный, начало 2000-х, смесь попа и рока', 'Звук женский, поп-музыка, ранние 2000', 'Женский вокал, энергичная поп-музыка, 2000-е', 'Мужской вокал, русский рок 2000-х', 'Женский вокал, мягкий и мелодичный, баллады 2000-х', 'Мужской вокал, русская дискотека 2000-х', 'Женский вокал, легкий и светлый, поп и диско 2000-х', 'Мужской вокал, русский рэп 2000-х', ""Женский вокал, русский р'n'b начала 2000-х"", 'Мужской вокал, дуэты поп-музыки 2000-х']"
